{
  "name": "highlightjs",
  "version": "8.5.0",
  "main": [
    "highlight.pack.js",
    "styles/default.css"
  ],
  "ignore": [
    "**/.*",
    "node_modules",
    "vendor",
    "components"
  ],
  "homepage": "https://github.com/components/highlightjs",
  "_release": "8.5.0",
  "_resolution": {
    "type": "version",
    "tag": "8.5.0",
    "commit": "97e76108d7bcae14d0504607f67d869bfa906548"
  },
  "_source": "https://github.com/components/highlightjs.git",
  "_target": "*",
  "_originalSource": "highlightjs"
}