{
  "name": "angular-route",
  "version": "1.4.1",
  "main": "./angular-route.js",
  "ignore": [],
  "dependencies": {
    "angular": "1.4.1"
  },
  "homepage": "https://github.com/angular/bower-angular-route",
  "_release": "1.4.1",
  "_resolution": {
    "type": "version",
    "tag": "v1.4.1",
    "commit": "68f6e7076cbe9d5c3def50660a18389703db9859"
  },
  "_source": "https://github.com/angular/bower-angular-route.git",
  "_target": "*",
  "_originalSource": "angular-route"
}