{
  "name": "bourbon",
  "description": "A simple and lightweight mixin library for Sass.",
  "version": "4.2.3",
  "main": "app/assets/stylesheets/_bourbon.scss",
  "license": "MIT",
  "ignore": [
    "**/.*",
    "CONTRIBUTING.md",
    "Gemfile",
    "Gemfile.lock",
    "Rakefile",
    "_site",
    "bin",
    "bourbon.gemspec",
    "features",
    "lib",
    "package.json",
    "sache.json",
    "spec"
  ],
  "keywords": [
    "css",
    "mixins",
    "sass",
    "scss"
  ],
  "authors": [
    "thoughtbot (http://thoughtbot.com)"
  ],
  "homepage": "http://bourbon.io",
  "repository": {
    "type": "git",
    "url": "https://github.com/thoughtbot/bourbon.git"
  },
  "_release": "4.2.3",
  "_resolution": {
    "type": "version",
    "tag": "v4.2.3",
    "commit": "1fc5ef2764d8cb73e5df9230c1859c37df317e9d"
  },
  "_source": "https://github.com/thoughtbot/bourbon.git",
  "_target": "*",
  "_originalSource": "bourbon"
}